SubmissionDate,form_entry,village_name,visit_number,study_site,trap_night,weather,individual_traps-bait_questions-bait_removed,individual_traps-bait_questions-number_traps_bait_missing,individual_traps-bait_questions-number_repeat_bait_count,individual_traps-trap_closed-trap_found_shut,individual_traps-trap_closed-number_traps_shut,individual_traps-trap_closed-number_repeat_shut_count,individual_traps-rodent_trapped-trap_rodent,individual_traps-rodent_trapped-number_rodents_trapped,individual_traps-rodent_trapped-rodents_trapped_count,photo_paper,notes,meta-instanceID,KEY,SubmitterID,SubmitterName,AttachmentsPresent,AttachmentsExpected,Status,ReviewState,DeviceID,Edits
2021-07-06T16:49:39.006Z,2021-07-06T16:46:44.067Z,baiama,1,4,3,rain,yes,3,3,no,,,no,,,,,uuid:b2f909a6-2e8a-4fbc-a776-c770b07dacbb,uuid:b2f909a6-2e8a-4fbc-a776-c770b07dacbb,163,Field rodent data,1,1,,,collect:j6qCQ6wLW4nMIOhX
2021-07-06T16:46:39.415Z,2021-07-06T16:44:14.612Z,baiama,1,3,3,rain,no,,,yes,2,2,no,,,,,uuid:b60984ef-97d5-44c5-b3bd-bb2f94beb141,uuid:b60984ef-97d5-44c5-b3bd-bb2f94beb141,163,Field rodent data,1,1,,,collect:j6qCQ6wLW4nMIOhX
2021-07-06T16:44:13.471Z,2021-07-06T16:41:52.127Z,baiama,1,2,3,rain,yes,2,2,yes,1,1,no,,,,,uuid:51d9a86f-31a0-4ecc-bb02-853dceaa0f77,uuid:51d9a86f-31a0-4ecc-bb02-853dceaa0f77,163,Field rodent data,1,1,,,collect:j6qCQ6wLW4nMIOhX
2021-07-06T16:41:48.121Z,2021-07-06T16:40:39.784Z,baiama,1,1,3,rain,no,,,yes,4,4,no,,,,,uuid:726fb4f2-5faf-4e4d-9374-6d6d10ccb9e9,uuid:726fb4f2-5faf-4e4d-9374-6d6d10ccb9e9,163,Field rodent data,1,1,,,collect:j6qCQ6wLW4nMIOhX
2021-07-06T16:35:13.991Z,2021-07-06T16:32:04.840Z,baiama,1,4,2,storm,no,,,yes,2,2,no,,,,,uuid:a3439b8c-e022-45e7-8651-9327c76a5f0c,uuid:a3439b8c-e022-45e7-8651-9327c76a5f0c,163,Field rodent data,1,1,,,collect:j6qCQ6wLW4nMIOhX
2021-07-06T16:31:59.293Z,2021-07-06T16:30:52.739Z,baiama,1,3,2,storm,yes,2,2,yes,4,4,no,,,,,uuid:3f6245e9-d6e6-4df5-947d-8601306b67c5,uuid:3f6245e9-d6e6-4df5-947d-8601306b67c5,163,Field rodent data,1,1,,,collect:j6qCQ6wLW4nMIOhX
2021-07-06T16:30:50.710Z,2021-07-06T16:29:33.066Z,baiama,1,2,2,storm,yes,1,1,yes,2,2,no,,,,,uuid:34ace7e9-3752-458f-af31-5b8c80b8bd2a,uuid:34ace7e9-3752-458f-af31-5b8c80b8bd2a,163,Field rodent data,1,1,,,collect:j6qCQ6wLW4nMIOhX
2021-07-06T16:30:50.123Z,2021-07-06T16:26:53.225Z,baiama,1,1,2,storm,yes,3,3,yes,4,4,yes,1,1,,,uuid:28d458a9-4aa4-49c3-9c2c-e6594f3eef92,uuid:28d458a9-4aa4-49c3-9c2c-e6594f3eef92,163,Field rodent data,1,1,,,collect:j6qCQ6wLW4nMIOhX
2021-07-06T16:20:14.046Z,2021-07-06T16:14:28.339Z,baiama,1,4,1,cold,yes,1,1,no,,,yes,1,1,,Rodent  was dead before necropsy,uuid:70c77640-2361-4231-ab1b-8124ed0d131f,uuid:70c77640-2361-4231-ab1b-8124ed0d131f,163,Field rodent data,1,1,,,collect:j6qCQ6wLW4nMIOhX
2021-07-06T16:14:22.875Z,2021-07-06T16:13:12.506Z,baiama,1,3,1,cold,yes,2,2,yes,3,3,no,,,,,uuid:a970d84f-76d3-447a-b1a6-0c6d43c0caaf,uuid:a970d84f-76d3-447a-b1a6-0c6d43c0caaf,163,Field rodent data,1,1,,,collect:j6qCQ6wLW4nMIOhX
2021-07-06T16:13:09.386Z,2021-07-06T16:11:42.470Z,baiama,1,2,1,cold,yes,1,1,yes,2,2,no,,,1625587974202.jpg,,uuid:26fe4f03-9314-42f4-a6fe-89dd63ad0e6f,uuid:26fe4f03-9314-42f4-a6fe-89dd63ad0e6f,163,Field rodent data,2,2,,,collect:j6qCQ6wLW4nMIOhX
2021-07-06T16:11:41.172Z,2021-07-06T16:08:27.920Z,baiama,1,1,1,cold,yes,2,2,yes,3,3,no,,,1625587885739.jpg,,uuid:ef6735c2-eee0-44e7-b3f5-eed33a1835de,uuid:ef6735c2-eee0-44e7-b3f5-eed33a1835de,163,Field rodent data,2,2,,,collect:j6qCQ6wLW4nMIOhX
2021-07-02T15:10:20.889Z,2021-07-02T13:00:39.836Z,lambayama,1,4,4,storm,no,,,yes,2,2,no,,,1625231029804.jpg,,uuid:153dbbbf-2c7e-4732-a927-5495eaf96c73,uuid:153dbbbf-2c7e-4732-a927-5495eaf96c73,163,Field rodent data,2,2,,,collect:j6qCQ6wLW4nMIOhX
2021-07-02T15:10:19.477Z,2021-07-02T12:56:46.264Z,lambayama,1,3,4,storm,no,,,yes,3,3,yes,1,1,1625230704529.jpg,,uuid:929278ab-17a4-439e-9912-d0ed38b4140f,uuid:929278ab-17a4-439e-9912-d0ed38b4140f,163,Field rodent data,2,2,,,collect:j6qCQ6wLW4nMIOhX
2021-07-02T15:10:18.088Z,2021-07-02T12:54:52.700Z,lambayama,1,2,4,storm,yes,2,2,yes,3,3,no,,,1625230587573.jpg,,uuid:257984fb-423d-4d21-9bb7-601e8f03f262,uuid:257984fb-423d-4d21-9bb7-601e8f03f262,163,Field rodent data,2,2,,,collect:j6qCQ6wLW4nMIOhX
2021-07-02T15:10:16.764Z,2021-07-02T12:52:09.803Z,lambayama,4,1,4,storm,yes,3,3,yes,3,3,yes,2,2,1625230458252.jpg,,uuid:21f76f88-0c45-4382-97fa-4768777feae8,uuid:21f76f88-0c45-4382-97fa-4768777feae8,163,Field rodent data,2,2,,,collect:j6qCQ6wLW4nMIOhX
2021-07-02T15:10:15.354Z,2021-07-02T12:49:07.639Z,lambayama,1,3,3,cold,yes,5,5,yes,2,2,no,,,1625230282968.jpg,,uuid:e4de3e20-82c1-487e-b74c-83b7820d7abd,uuid:e4de3e20-82c1-487e-b74c-83b7820d7abd,163,Field rodent data,2,2,,,collect:j6qCQ6wLW4nMIOhX
2021-07-02T15:10:13.762Z,2021-07-02T12:46:48.867Z,lambayama,1,4,3,cold,yes,4,4,yes,3,3,no,,,1625230120649.jpg,,uuid:95766200-e779-4c68-87f5-5471b2af44cd,uuid:95766200-e779-4c68-87f5-5471b2af44cd,163,Field rodent data,2,2,,,collect:j6qCQ6wLW4nMIOhX
2021-07-02T15:10:12.098Z,2021-07-02T12:44:06.045Z,lambayama,1,2,3,cold,yes,2,2,yes,3,3,no,,,1625229983690.jpg,,uuid:671f6839-e839-4dba-a512-6da75fed41d2,uuid:671f6839-e839-4dba-a512-6da75fed41d2,163,Field rodent data,2,2,,,collect:j6qCQ6wLW4nMIOhX
2021-07-02T15:10:10.509Z,2021-07-02T12:42:05.374Z,lambayama,1,1,3,cold,yes,6,6,yes,3,3,no,,,1625229811005.jpg,,uuid:4e3cdf3f-8f17-4377-bdb4-77344386c1eb,uuid:4e3cdf3f-8f17-4377-bdb4-77344386c1eb,163,Field rodent data,2,2,,,collect:j6qCQ6wLW4nMIOhX
2021-07-02T15:10:08.973Z,2021-07-02T12:39:21.943Z,lambayama,1,3,2,cold,no,,,yes,5,5,no,,,1625229662581.jpg,,uuid:eadc880a-b90f-449a-941b-04345810f092,uuid:eadc880a-b90f-449a-941b-04345810f092,163,Field rodent data,2,2,,,collect:j6qCQ6wLW4nMIOhX
2021-07-02T15:10:07.242Z,2021-07-02T12:37:16.190Z,lambayama,1,3,2,cold,no,,,yes,2,2,no,,,1625229538877.jpg,,uuid:0cab60e1-8fb0-4892-8976-25e795f2a476,uuid:0cab60e1-8fb0-4892-8976-25e795f2a476,163,Field rodent data,2,2,,,collect:j6qCQ6wLW4nMIOhX
2021-07-02T15:10:05.753Z,2021-07-02T12:32:26.555Z,lambayama,1,2,2,cold,yes,2,2,yes,4,4,no,,,1625229221505.jpg,,uuid:0b08b0fa-8d9d-418e-a871-630f3ed73013,uuid:0b08b0fa-8d9d-418e-a871-630f3ed73013,163,Field rodent data,2,2,,,collect:j6qCQ6wLW4nMIOhX
2021-07-02T15:10:04.213Z,2021-07-02T12:24:44.159Z,lambayama,1,1,2,cold,no,,,yes,2,2,no,,,1625228976953.jpg,"There are 7 missing traps. 4, 6, 7, 11, 13, 14, 16",uuid:cbdab78f-ed5c-462b-bee1-d3beabd35c60,uuid:cbdab78f-ed5c-462b-bee1-d3beabd35c60,163,Field rodent data,2,2,,,collect:j6qCQ6wLW4nMIOhX
2021-06-30T11:29:31.506Z,2021-06-30T11:28:08.373Z,lambayama,1,4,1,cold,yes,1,1,yes,2,2,yes,1,1,1625052561941.jpg,,uuid:d23d750b-6e51-41e5-b64c-707764e26888,uuid:d23d750b-6e51-41e5-b64c-707764e26888,163,Field rodent data,2,2,,,collect:j6qCQ6wLW4nMIOhX
2021-06-30T11:28:11.108Z,2021-06-30T11:25:54.233Z,lambayama,1,3,1,cold,yes,3,3,yes,2,2,yes,1,1,1625052463881.jpg,,uuid:c855c764-ae13-436d-a250-f61b2e46a95f,uuid:c855c764-ae13-436d-a250-f61b2e46a95f,163,Field rodent data,2,2,,,collect:j6qCQ6wLW4nMIOhX
2021-06-30T11:25:55.512Z,2021-06-30T11:24:09.597Z,lambayama,1,2,1,cold,yes,2,2,yes,2,2,no,,,1625052334253.jpg,,uuid:d8e53ae0-3d6a-448c-9aa3-f4afae823468,uuid:d8e53ae0-3d6a-448c-9aa3-f4afae823468,163,Field rodent data,2,2,,,collect:j6qCQ6wLW4nMIOhX
2021-06-30T11:24:04.548Z,2021-06-30T11:21:12.736Z,lambayama,1,1,1,cold,yes,2,2,yes,4,4,yes,1,1,1625052208159.jpg,,uuid:4662c894-6fdc-4eeb-b5f3-0af381c75b25,uuid:4662c894-6fdc-4eeb-b5f3-0af381c75b25,163,Field rodent data,2,2,,,collect:j6qCQ6wLW4nMIOhX
2021-06-28T13:13:46.012Z,2021-06-27T14:14:59.565Z,bambawo,1,4,4,rain,no,,,yes,2,2,yes,2,2,,,uuid:939b3efb-f13a-4bd1-bef2-aad3a5c06beb,uuid:939b3efb-f13a-4bd1-bef2-aad3a5c06beb,163,Field rodent data,1,1,,,collect:j6qCQ6wLW4nMIOhX
2021-06-28T13:13:45.563Z,2021-06-27T14:13:37.021Z,bambawo,1,3,4,rain,no,,,yes,1,1,yes,1,1,,,uuid:fb294ac9-1afb-4b0e-9878-095aa768541a,uuid:fb294ac9-1afb-4b0e-9878-095aa768541a,163,Field rodent data,1,1,,,collect:j6qCQ6wLW4nMIOhX
2021-06-28T13:13:45.122Z,2021-06-27T14:11:36.463Z,bambawo,1,2,4,rain,yes,1,1,yes,3,3,yes,2,2,,,uuid:9ff1de50-0fd4-44c5-8047-b34bd53f4b72,uuid:9ff1de50-0fd4-44c5-8047-b34bd53f4b72,163,Field rodent data,1,1,,,collect:j6qCQ6wLW4nMIOhX
2021-06-28T13:13:44.642Z,2021-06-27T14:07:09.780Z,bambawo,1,1,4,rain,no,,,yes,1,1,yes,1,1,,,uuid:0a5d5402-05d2-43ee-a00c-21bb6df7a7dc,uuid:0a5d5402-05d2-43ee-a00c-21bb6df7a7dc,163,Field rodent data,1,1,,,collect:j6qCQ6wLW4nMIOhX
2021-06-28T13:13:44.124Z,2021-06-27T14:04:37.132Z,bambawo,1,1,3,cold,yes,4,4,yes,3,3,no,,,1624802772089.jpg,,uuid:0a4dced3-af39-4fd4-8d14-57b89bb6803e,uuid:0a4dced3-af39-4fd4-8d14-57b89bb6803e,163,Field rodent data,2,2,,,collect:j6qCQ6wLW4nMIOhX
2021-06-28T13:13:42.755Z,2021-06-27T14:03:08.720Z,bambawo,1,2,3,cold,yes,2,2,yes,3,3,no,,,1624802656640.jpg,,uuid:a05814fb-4141-4da4-9dab-0b43fe1b6363,uuid:a05814fb-4141-4da4-9dab-0b43fe1b6363,163,Field rodent data,2,2,,,collect:j6qCQ6wLW4nMIOhX
2021-06-28T13:13:41.400Z,2021-06-27T14:01:58.325Z,bambawo,1,3,3,cold,no,,,yes,1,1,yes,1,1,1624802575799.jpg,,uuid:82ca0e65-1fc8-4dc7-b041-570c11820a2c,uuid:82ca0e65-1fc8-4dc7-b041-570c11820a2c,163,Field rodent data,2,2,,,collect:j6qCQ6wLW4nMIOhX
2021-06-28T13:13:40.005Z,2021-06-27T14:00:06.166Z,bambawo,1,4,3,cold,yes,2,2,yes,4,4,no,,,1624802504979.jpg,,uuid:4ab2b196-656d-4709-ba62-15c7b91e8d18,uuid:4ab2b196-656d-4709-ba62-15c7b91e8d18,163,Field rodent data,2,2,,,collect:j6qCQ6wLW4nMIOhX
2021-06-28T13:13:38.655Z,2021-06-27T13:58:39.269Z,bambawo,1,5,2,rain,no,,,yes,5,5,no,,,1624802391090.jpg,,uuid:a08251d4-c0c8-43e2-8664-d8646d01556f,uuid:a08251d4-c0c8-43e2-8664-d8646d01556f,163,Field rodent data,2,2,,,collect:j6qCQ6wLW4nMIOhX
2021-06-28T13:13:37.377Z,2021-06-27T13:56:20.678Z,bambawo,1,3,2,rain,no,,,yes,4,4,yes,3,3,1624802307912.jpg,,uuid:cadced31-67cf-47bc-80b9-72b07a6eb14f,uuid:cadced31-67cf-47bc-80b9-72b07a6eb14f,163,Field rodent data,2,2,,,collect:j6qCQ6wLW4nMIOhX
2021-06-28T13:13:35.994Z,2021-06-27T13:54:25.871Z,bambawo,1,2,2,rain,no,,,yes,3,3,yes,1,1,1624802154090.jpg,,uuid:f1ef7a63-dac1-4185-9f06-2fff52bb0e7d,uuid:f1ef7a63-dac1-4185-9f06-2fff52bb0e7d,163,Field rodent data,2,2,,,collect:j6qCQ6wLW4nMIOhX
2021-06-28T13:13:34.482Z,2021-06-27T13:46:16.980Z,bambawo,1,4,2,rain,yes,5,5,yes,2,2,yes,1,1,1624801880730.jpg,,uuid:b021ba63-4f01-44e7-88aa-1ae9967da4a0,uuid:b021ba63-4f01-44e7-88aa-1ae9967da4a0,163,Field rodent data,2,2,,,collect:j6qCQ6wLW4nMIOhX
2021-06-27T13:58:54.320Z,2021-06-27T13:52:51.865Z,bambawo,1,1,2,rain,yes,3,3,yes,3,3,no,,,1624802051018.jpg,,uuid:35258b6b-df77-4032-9737-ef8f6cdb1f7a,uuid:35258b6b-df77-4032-9737-ef8f6cdb1f7a,163,Field rodent data,2,2,,,collect:j6qCQ6wLW4nMIOhX
2021-06-27T13:52:53.097Z,2021-06-26T18:02:30.954Z,bambawo,1,2,2,rain,no,,,yes,3,3,yes,1,1,,,uuid:a5b5f8bd-daeb-4f99-a9da-df1d903ee3a6,uuid:a5b5f8bd-daeb-4f99-a9da-df1d903ee3a6,163,Field rodent data,1,1,,,collect:j6qCQ6wLW4nMIOhX
2021-06-27T13:52:24.966Z,2021-06-26T17:58:55.144Z,bambawo,1,1,2,rain,yes,3,3,yes,3,3,no,,,1624730526341.jpg,,uuid:2423f73d-05be-408f-a745-aa9070dbde68,uuid:2423f73d-05be-408f-a745-aa9070dbde68,163,Field rodent data,2,2,,,collect:j6qCQ6wLW4nMIOhX
2021-06-26T18:02:41.658Z,2021-06-26T17:53:24.474Z,bambawo,1,5,1,cold,no,,,yes,4,4,no,,,1624730308251.jpg,,uuid:0b13cc4c-9ffa-4c5a-972f-0e1b2b7fd0f8,uuid:0b13cc4c-9ffa-4c5a-972f-0e1b2b7fd0f8,163,Field rodent data,2,2,,,collect:j6qCQ6wLW4nMIOhX
2021-06-24T14:11:35.815Z,2021-06-24T13:55:09.155Z,bambawo,1,4,1,rain,yes,6,6,yes,2,2,no,,,,,uuid:21ee0284-36e4-463e-b7d4-c0279936ff8a,uuid:21ee0284-36e4-463e-b7d4-c0279936ff8a,163,Field rodent data,1,1,,,collect:BP7tv5Tkv6GSLTlg
2021-06-24T13:54:09.292Z,2021-06-24T13:52:57.714Z,bambawo,1,3,1,rain,no,,,yes,2,2,no,,,,,uuid:af8b82bf-bfb5-4583-8114-74c1b536490d,uuid:af8b82bf-bfb5-4583-8114-74c1b536490d,163,Field rodent data,1,1,,,collect:BP7tv5Tkv6GSLTlg
2021-06-24T13:54:07.283Z,2021-06-24T13:52:31.433Z,bambawo,1,2,1,rain,no,,,no,,,no,,,,,uuid:a18e0c97-69e5-4c6f-ac46-ce489f38300f,uuid:a18e0c97-69e5-4c6f-ac46-ce489f38300f,163,Field rodent data,1,1,,,collect:BP7tv5Tkv6GSLTlg
2021-06-24T13:54:03.644Z,2021-06-24T13:45:23.490Z,bambawo,1,1,1,rain,yes,1,1,yes,3,3,yes,2,2,,,uuid:ce282119-33ab-4365-9f73-b995172a478d,uuid:ce282119-33ab-4365-9f73-b995172a478d,163,Field rodent data,1,1,,,collect:BP7tv5Tkv6GSLTlg
