trap_number_bait_removed,PARENT_KEY,KEY
,uuid:92825932-ec90-4def-bc19-951c5fcf8e6f,uuid:92825932-ec90-4def-bc19-951c5fcf8e6f/individual_traps/bait_questions/number_repeat_bait[1]
,uuid:b3cb8bc6-35b0-4041-9608-3ec00b9c94f5,uuid:b3cb8bc6-35b0-4041-9608-3ec00b9c94f5/individual_traps/bait_questions/number_repeat_bait[1]
55,uuid:409e7d82-faa3-4781-8edc-4cc7091fc9f1,uuid:409e7d82-faa3-4781-8edc-4cc7091fc9f1/individual_traps/bait_questions/number_repeat_bait[1]
,uuid:70efd36a-f899-48e4-8492-186b25a463bb,uuid:70efd36a-f899-48e4-8492-186b25a463bb/individual_traps/bait_questions/number_repeat_bait[1]
,uuid:996ee97c-edc5-45f8-a377-42ebd0b4d7ed,uuid:996ee97c-edc5-45f8-a377-42ebd0b4d7ed/individual_traps/bait_questions/number_repeat_bait[1]
58,uuid:ba69a47e-fb74-46d8-a984-86cae2bfcaa3,uuid:ba69a47e-fb74-46d8-a984-86cae2bfcaa3/individual_traps/bait_questions/number_repeat_bait[1]
72,uuid:ba69a47e-fb74-46d8-a984-86cae2bfcaa3,uuid:ba69a47e-fb74-46d8-a984-86cae2bfcaa3/individual_traps/bait_questions/number_repeat_bait[2]
95,uuid:ba69a47e-fb74-46d8-a984-86cae2bfcaa3,uuid:ba69a47e-fb74-46d8-a984-86cae2bfcaa3/individual_traps/bait_questions/number_repeat_bait[3]
,uuid:8931080e-34e4-48b6-a8a3-a8750ad3513a,uuid:8931080e-34e4-48b6-a8a3-a8750ad3513a/individual_traps/bait_questions/number_repeat_bait[1]
,uuid:352450fe-5a4e-409a-83a7-a242b4e97b94,uuid:352450fe-5a4e-409a-83a7-a242b4e97b94/individual_traps/bait_questions/number_repeat_bait[1]
,uuid:fc98eeb1-a609-406b-85a3-c6ba4a90493d,uuid:fc98eeb1-a609-406b-85a3-c6ba4a90493d/individual_traps/bait_questions/number_repeat_bait[1]
,uuid:c2976460-8e23-497b-b7c9-c32a9a219034,uuid:c2976460-8e23-497b-b7c9-c32a9a219034/individual_traps/bait_questions/number_repeat_bait[1]
,uuid:06b5ddc3-3293-4fb3-8a55-8d87c2314f42,uuid:06b5ddc3-3293-4fb3-8a55-8d87c2314f42/individual_traps/bait_questions/number_repeat_bait[1]
,uuid:e2258a4f-69da-4e77-b80d-e08a634a6162,uuid:e2258a4f-69da-4e77-b80d-e08a634a6162/individual_traps/bait_questions/number_repeat_bait[1]
105,uuid:548fa2df-b5b9-406a-a77c-88ba1869f585,uuid:548fa2df-b5b9-406a-a77c-88ba1869f585/individual_traps/bait_questions/number_repeat_bait[1]
120,uuid:548fa2df-b5b9-406a-a77c-88ba1869f585,uuid:548fa2df-b5b9-406a-a77c-88ba1869f585/individual_traps/bait_questions/number_repeat_bait[2]
145,uuid:548fa2df-b5b9-406a-a77c-88ba1869f585,uuid:548fa2df-b5b9-406a-a77c-88ba1869f585/individual_traps/bait_questions/number_repeat_bait[3]
,uuid:4d0a5740-7ee4-4cb2-bece-77d751f5e752,uuid:4d0a5740-7ee4-4cb2-bece-77d751f5e752/individual_traps/bait_questions/number_repeat_bait[1]
55,uuid:9758cd2c-c91c-4169-9d13-6734d3fdc67a,uuid:9758cd2c-c91c-4169-9d13-6734d3fdc67a/individual_traps/bait_questions/number_repeat_bait[1]
86,uuid:9758cd2c-c91c-4169-9d13-6734d3fdc67a,uuid:9758cd2c-c91c-4169-9d13-6734d3fdc67a/individual_traps/bait_questions/number_repeat_bait[2]
226,uuid:3b4e59af-7326-4b2e-a256-56d3f42e1c1e,uuid:3b4e59af-7326-4b2e-a256-56d3f42e1c1e/individual_traps/bait_questions/number_repeat_bait[1]
,uuid:53c303d4-fd0d-47c6-a3fd-c0f6b6c9fa65,uuid:53c303d4-fd0d-47c6-a3fd-c0f6b6c9fa65/individual_traps/bait_questions/number_repeat_bait[1]
22,uuid:842d4d8f-f610-4ad1-801e-644d5dc1d4a8,uuid:842d4d8f-f610-4ad1-801e-644d5dc1d4a8/individual_traps/bait_questions/number_repeat_bait[1]
34,uuid:842d4d8f-f610-4ad1-801e-644d5dc1d4a8,uuid:842d4d8f-f610-4ad1-801e-644d5dc1d4a8/individual_traps/bait_questions/number_repeat_bait[2]
36,uuid:842d4d8f-f610-4ad1-801e-644d5dc1d4a8,uuid:842d4d8f-f610-4ad1-801e-644d5dc1d4a8/individual_traps/bait_questions/number_repeat_bait[3]
42,uuid:842d4d8f-f610-4ad1-801e-644d5dc1d4a8,uuid:842d4d8f-f610-4ad1-801e-644d5dc1d4a8/individual_traps/bait_questions/number_repeat_bait[4]
,uuid:6a84fdab-242d-4e12-958d-4a9f8804e32a,uuid:6a84fdab-242d-4e12-958d-4a9f8804e32a/individual_traps/bait_questions/number_repeat_bait[1]
,uuid:327c3325-c507-4711-b514-fe4b1fac0276,uuid:327c3325-c507-4711-b514-fe4b1fac0276/individual_traps/bait_questions/number_repeat_bait[1]
2,uuid:b93a4350-9ce6-4a7a-b6e8-a9ff85c686aa,uuid:b93a4350-9ce6-4a7a-b6e8-a9ff85c686aa/individual_traps/bait_questions/number_repeat_bait[1]
18,uuid:b93a4350-9ce6-4a7a-b6e8-a9ff85c686aa,uuid:b93a4350-9ce6-4a7a-b6e8-a9ff85c686aa/individual_traps/bait_questions/number_repeat_bait[2]
195,uuid:b2c38a06-fdde-4685-8151-8b784d3dce91,uuid:b2c38a06-fdde-4685-8151-8b784d3dce91/individual_traps/bait_questions/number_repeat_bait[1]
,uuid:52d7d020-6ba7-47df-820f-449a569505cf,uuid:52d7d020-6ba7-47df-820f-449a569505cf/individual_traps/bait_questions/number_repeat_bait[1]
8,uuid:1982225c-f430-4b58-a0f1-bbf62e6c3daf,uuid:1982225c-f430-4b58-a0f1-bbf62e6c3daf/individual_traps/bait_questions/number_repeat_bait[1]
17,uuid:1982225c-f430-4b58-a0f1-bbf62e6c3daf,uuid:1982225c-f430-4b58-a0f1-bbf62e6c3daf/individual_traps/bait_questions/number_repeat_bait[2]
35,uuid:1982225c-f430-4b58-a0f1-bbf62e6c3daf,uuid:1982225c-f430-4b58-a0f1-bbf62e6c3daf/individual_traps/bait_questions/number_repeat_bait[3]
,uuid:4c7d6ff1-88ea-48d3-b22a-e5dd6e4773ad,uuid:4c7d6ff1-88ea-48d3-b22a-e5dd6e4773ad/individual_traps/bait_questions/number_repeat_bait[1]
,uuid:22756f76-48f6-4a6e-bc62-cdf0146bff7b,uuid:22756f76-48f6-4a6e-bc62-cdf0146bff7b/individual_traps/bait_questions/number_repeat_bait[1]
24,uuid:470a56d6-6e6e-4916-a936-533adf694fd9,uuid:470a56d6-6e6e-4916-a936-533adf694fd9/individual_traps/bait_questions/number_repeat_bait[1]
28,uuid:470a56d6-6e6e-4916-a936-533adf694fd9,uuid:470a56d6-6e6e-4916-a936-533adf694fd9/individual_traps/bait_questions/number_repeat_bait[2]
35,uuid:470a56d6-6e6e-4916-a936-533adf694fd9,uuid:470a56d6-6e6e-4916-a936-533adf694fd9/individual_traps/bait_questions/number_repeat_bait[3]
240,uuid:5fd29f0a-c12f-4f38-9332-1fc09920b72f,uuid:5fd29f0a-c12f-4f38-9332-1fc09920b72f/individual_traps/bait_questions/number_repeat_bait[1]
244,uuid:5fd29f0a-c12f-4f38-9332-1fc09920b72f,uuid:5fd29f0a-c12f-4f38-9332-1fc09920b72f/individual_traps/bait_questions/number_repeat_bait[2]
,uuid:b06468b0-41f9-473e-96ee-f637e976ff8a,uuid:b06468b0-41f9-473e-96ee-f637e976ff8a/individual_traps/bait_questions/number_repeat_bait[1]
,uuid:0d6cc8b2-caf7-460e-b19b-cf70e2a2c494,uuid:0d6cc8b2-caf7-460e-b19b-cf70e2a2c494/individual_traps/bait_questions/number_repeat_bait[1]
,uuid:030c29c0-5778-475b-a6b0-bb4f8c7fad0a,uuid:030c29c0-5778-475b-a6b0-bb4f8c7fad0a/individual_traps/bait_questions/number_repeat_bait[1]
141,uuid:20b3ec36-d7b4-4a3c-976f-9a542f15684e,uuid:20b3ec36-d7b4-4a3c-976f-9a542f15684e/individual_traps/bait_questions/number_repeat_bait[1]
,uuid:4ab910c9-d279-4a6c-88e7-3e3f065ffd12,uuid:4ab910c9-d279-4a6c-88e7-3e3f065ffd12/individual_traps/bait_questions/number_repeat_bait[1]
10,uuid:ac5a8554-2a3a-44ef-b8be-e645a97fd8cb,uuid:ac5a8554-2a3a-44ef-b8be-e645a97fd8cb/individual_traps/bait_questions/number_repeat_bait[1]
30,uuid:ac5a8554-2a3a-44ef-b8be-e645a97fd8cb,uuid:ac5a8554-2a3a-44ef-b8be-e645a97fd8cb/individual_traps/bait_questions/number_repeat_bait[2]
,uuid:c0da7c1a-2e72-4643-88c1-f7689b665d37,uuid:c0da7c1a-2e72-4643-88c1-f7689b665d37/individual_traps/bait_questions/number_repeat_bait[1]
,uuid:cb1df12b-5e8a-41b6-abdf-5d7f973e49c4,uuid:cb1df12b-5e8a-41b6-abdf-5d7f973e49c4/individual_traps/bait_questions/number_repeat_bait[1]
196,uuid:8725ca1c-a0e9-41e8-849a-eda88465c246,uuid:8725ca1c-a0e9-41e8-849a-eda88465c246/individual_traps/bait_questions/number_repeat_bait[1]
196,uuid:f0abe67a-27d8-4ae5-948b-f26a020cd4b0,uuid:f0abe67a-27d8-4ae5-948b-f26a020cd4b0/individual_traps/bait_questions/number_repeat_bait[1]
54,uuid:a7868e39-726b-4f54-9c41-fb9e56bf06f2,uuid:a7868e39-726b-4f54-9c41-fb9e56bf06f2/individual_traps/bait_questions/number_repeat_bait[1]
63,uuid:a7868e39-726b-4f54-9c41-fb9e56bf06f2,uuid:a7868e39-726b-4f54-9c41-fb9e56bf06f2/individual_traps/bait_questions/number_repeat_bait[2]
67,uuid:a7868e39-726b-4f54-9c41-fb9e56bf06f2,uuid:a7868e39-726b-4f54-9c41-fb9e56bf06f2/individual_traps/bait_questions/number_repeat_bait[3]
83,uuid:a7868e39-726b-4f54-9c41-fb9e56bf06f2,uuid:a7868e39-726b-4f54-9c41-fb9e56bf06f2/individual_traps/bait_questions/number_repeat_bait[4]
87,uuid:a7868e39-726b-4f54-9c41-fb9e56bf06f2,uuid:a7868e39-726b-4f54-9c41-fb9e56bf06f2/individual_traps/bait_questions/number_repeat_bait[5]
1,uuid:a624c728-b2ab-413c-8733-7b330dfe7d1e,uuid:a624c728-b2ab-413c-8733-7b330dfe7d1e/individual_traps/bait_questions/number_repeat_bait[1]
45,uuid:a624c728-b2ab-413c-8733-7b330dfe7d1e,uuid:a624c728-b2ab-413c-8733-7b330dfe7d1e/individual_traps/bait_questions/number_repeat_bait[2]
,uuid:2c9b5dd3-c872-4133-be69-23ac5ee0ebc2,uuid:2c9b5dd3-c872-4133-be69-23ac5ee0ebc2/individual_traps/bait_questions/number_repeat_bait[1]
199,uuid:0cf1ec74-1337-4447-b683-62ac444dbef9,uuid:0cf1ec74-1337-4447-b683-62ac444dbef9/individual_traps/bait_questions/number_repeat_bait[1]
200,uuid:0cf1ec74-1337-4447-b683-62ac444dbef9,uuid:0cf1ec74-1337-4447-b683-62ac444dbef9/individual_traps/bait_questions/number_repeat_bait[2]
261,uuid:06d5b23c-1b98-4526-b8c9-2d1c34cb0ee7,uuid:06d5b23c-1b98-4526-b8c9-2d1c34cb0ee7/individual_traps/bait_questions/number_repeat_bait[1]
164,uuid:df935f94-6132-4570-acec-27b8127b90bb,uuid:df935f94-6132-4570-acec-27b8127b90bb/individual_traps/bait_questions/number_repeat_bait[1]
174,uuid:df935f94-6132-4570-acec-27b8127b90bb,uuid:df935f94-6132-4570-acec-27b8127b90bb/individual_traps/bait_questions/number_repeat_bait[2]
56,uuid:3a63f761-d1a8-4389-ae1d-ba9d1f49f1f3,uuid:3a63f761-d1a8-4389-ae1d-ba9d1f49f1f3/individual_traps/bait_questions/number_repeat_bait[1]
80,uuid:3a63f761-d1a8-4389-ae1d-ba9d1f49f1f3,uuid:3a63f761-d1a8-4389-ae1d-ba9d1f49f1f3/individual_traps/bait_questions/number_repeat_bait[2]
1,uuid:aa0306ef-d7d3-457c-a76c-44554728a3fa,uuid:aa0306ef-d7d3-457c-a76c-44554728a3fa/individual_traps/bait_questions/number_repeat_bait[1]
44,uuid:aa0306ef-d7d3-457c-a76c-44554728a3fa,uuid:aa0306ef-d7d3-457c-a76c-44554728a3fa/individual_traps/bait_questions/number_repeat_bait[2]
49,uuid:aa0306ef-d7d3-457c-a76c-44554728a3fa,uuid:aa0306ef-d7d3-457c-a76c-44554728a3fa/individual_traps/bait_questions/number_repeat_bait[3]
,uuid:308e5e00-ffc0-42c4-9c4b-138d14cd5801,uuid:308e5e00-ffc0-42c4-9c4b-138d14cd5801/individual_traps/bait_questions/number_repeat_bait[1]
,uuid:1087923c-deeb-4dd3-b6ca-ceaf14fc70d7,uuid:1087923c-deeb-4dd3-b6ca-ceaf14fc70d7/individual_traps/bait_questions/number_repeat_bait[1]
,uuid:c128dbac-a470-45ac-b439-4c6d1c12b8a7,uuid:c128dbac-a470-45ac-b439-4c6d1c12b8a7/individual_traps/bait_questions/number_repeat_bait[1]
175,uuid:fb510963-941d-422e-ba9b-c81003688164,uuid:fb510963-941d-422e-ba9b-c81003688164/individual_traps/bait_questions/number_repeat_bait[1]
180,uuid:fb510963-941d-422e-ba9b-c81003688164,uuid:fb510963-941d-422e-ba9b-c81003688164/individual_traps/bait_questions/number_repeat_bait[2]
185,uuid:fb510963-941d-422e-ba9b-c81003688164,uuid:fb510963-941d-422e-ba9b-c81003688164/individual_traps/bait_questions/number_repeat_bait[3]
50,uuid:a2a32c23-51f0-4be9-92be-7ec0a144dc58,uuid:a2a32c23-51f0-4be9-92be-7ec0a144dc58/individual_traps/bait_questions/number_repeat_bait[1]
58,uuid:a2a32c23-51f0-4be9-92be-7ec0a144dc58,uuid:a2a32c23-51f0-4be9-92be-7ec0a144dc58/individual_traps/bait_questions/number_repeat_bait[2]
8,uuid:ceadb530-d8f2-43a3-bacb-a66a5f79afa6,uuid:ceadb530-d8f2-43a3-bacb-a66a5f79afa6/individual_traps/bait_questions/number_repeat_bait[1]
15,uuid:ceadb530-d8f2-43a3-bacb-a66a5f79afa6,uuid:ceadb530-d8f2-43a3-bacb-a66a5f79afa6/individual_traps/bait_questions/number_repeat_bait[2]
153,uuid:b2f909a6-2e8a-4fbc-a776-c770b07dacbb,uuid:b2f909a6-2e8a-4fbc-a776-c770b07dacbb/individual_traps/bait_questions/number_repeat_bait[1]
167,uuid:b2f909a6-2e8a-4fbc-a776-c770b07dacbb,uuid:b2f909a6-2e8a-4fbc-a776-c770b07dacbb/individual_traps/bait_questions/number_repeat_bait[2]
190,uuid:b2f909a6-2e8a-4fbc-a776-c770b07dacbb,uuid:b2f909a6-2e8a-4fbc-a776-c770b07dacbb/individual_traps/bait_questions/number_repeat_bait[3]
,uuid:b60984ef-97d5-44c5-b3bd-bb2f94beb141,uuid:b60984ef-97d5-44c5-b3bd-bb2f94beb141/individual_traps/bait_questions/number_repeat_bait[1]
55,uuid:51d9a86f-31a0-4ecc-bb02-853dceaa0f77,uuid:51d9a86f-31a0-4ecc-bb02-853dceaa0f77/individual_traps/bait_questions/number_repeat_bait[1]
68,uuid:51d9a86f-31a0-4ecc-bb02-853dceaa0f77,uuid:51d9a86f-31a0-4ecc-bb02-853dceaa0f77/individual_traps/bait_questions/number_repeat_bait[2]
,uuid:726fb4f2-5faf-4e4d-9374-6d6d10ccb9e9,uuid:726fb4f2-5faf-4e4d-9374-6d6d10ccb9e9/individual_traps/bait_questions/number_repeat_bait[1]
,uuid:a3439b8c-e022-45e7-8651-9327c76a5f0c,uuid:a3439b8c-e022-45e7-8651-9327c76a5f0c/individual_traps/bait_questions/number_repeat_bait[1]
123,uuid:3f6245e9-d6e6-4df5-947d-8601306b67c5,uuid:3f6245e9-d6e6-4df5-947d-8601306b67c5/individual_traps/bait_questions/number_repeat_bait[1]
117,uuid:3f6245e9-d6e6-4df5-947d-8601306b67c5,uuid:3f6245e9-d6e6-4df5-947d-8601306b67c5/individual_traps/bait_questions/number_repeat_bait[2]
50,uuid:34ace7e9-3752-458f-af31-5b8c80b8bd2a,uuid:34ace7e9-3752-458f-af31-5b8c80b8bd2a/individual_traps/bait_questions/number_repeat_bait[1]
6,uuid:28d458a9-4aa4-49c3-9c2c-e6594f3eef92,uuid:28d458a9-4aa4-49c3-9c2c-e6594f3eef92/individual_traps/bait_questions/number_repeat_bait[1]
9,uuid:28d458a9-4aa4-49c3-9c2c-e6594f3eef92,uuid:28d458a9-4aa4-49c3-9c2c-e6594f3eef92/individual_traps/bait_questions/number_repeat_bait[2]
48,uuid:28d458a9-4aa4-49c3-9c2c-e6594f3eef92,uuid:28d458a9-4aa4-49c3-9c2c-e6594f3eef92/individual_traps/bait_questions/number_repeat_bait[3]
152,uuid:70c77640-2361-4231-ab1b-8124ed0d131f,uuid:70c77640-2361-4231-ab1b-8124ed0d131f/individual_traps/bait_questions/number_repeat_bait[1]
105,uuid:a970d84f-76d3-447a-b1a6-0c6d43c0caaf,uuid:a970d84f-76d3-447a-b1a6-0c6d43c0caaf/individual_traps/bait_questions/number_repeat_bait[1]
142,uuid:a970d84f-76d3-447a-b1a6-0c6d43c0caaf,uuid:a970d84f-76d3-447a-b1a6-0c6d43c0caaf/individual_traps/bait_questions/number_repeat_bait[2]
60,uuid:26fe4f03-9314-42f4-a6fe-89dd63ad0e6f,uuid:26fe4f03-9314-42f4-a6fe-89dd63ad0e6f/individual_traps/bait_questions/number_repeat_bait[1]
5,uuid:ef6735c2-eee0-44e7-b3f5-eed33a1835de,uuid:ef6735c2-eee0-44e7-b3f5-eed33a1835de/individual_traps/bait_questions/number_repeat_bait[1]
25,uuid:ef6735c2-eee0-44e7-b3f5-eed33a1835de,uuid:ef6735c2-eee0-44e7-b3f5-eed33a1835de/individual_traps/bait_questions/number_repeat_bait[2]
,uuid:153dbbbf-2c7e-4732-a927-5495eaf96c73,uuid:153dbbbf-2c7e-4732-a927-5495eaf96c73/individual_traps/bait_questions/number_repeat_bait[1]
,uuid:929278ab-17a4-439e-9912-d0ed38b4140f,uuid:929278ab-17a4-439e-9912-d0ed38b4140f/individual_traps/bait_questions/number_repeat_bait[1]
56,uuid:257984fb-423d-4d21-9bb7-601e8f03f262,uuid:257984fb-423d-4d21-9bb7-601e8f03f262/individual_traps/bait_questions/number_repeat_bait[1]
70,uuid:257984fb-423d-4d21-9bb7-601e8f03f262,uuid:257984fb-423d-4d21-9bb7-601e8f03f262/individual_traps/bait_questions/number_repeat_bait[2]
7,uuid:21f76f88-0c45-4382-97fa-4768777feae8,uuid:21f76f88-0c45-4382-97fa-4768777feae8/individual_traps/bait_questions/number_repeat_bait[1]
10,uuid:21f76f88-0c45-4382-97fa-4768777feae8,uuid:21f76f88-0c45-4382-97fa-4768777feae8/individual_traps/bait_questions/number_repeat_bait[2]
15,uuid:21f76f88-0c45-4382-97fa-4768777feae8,uuid:21f76f88-0c45-4382-97fa-4768777feae8/individual_traps/bait_questions/number_repeat_bait[3]
102,uuid:e4de3e20-82c1-487e-b74c-83b7820d7abd,uuid:e4de3e20-82c1-487e-b74c-83b7820d7abd/individual_traps/bait_questions/number_repeat_bait[1]
104,uuid:e4de3e20-82c1-487e-b74c-83b7820d7abd,uuid:e4de3e20-82c1-487e-b74c-83b7820d7abd/individual_traps/bait_questions/number_repeat_bait[2]
105,uuid:e4de3e20-82c1-487e-b74c-83b7820d7abd,uuid:e4de3e20-82c1-487e-b74c-83b7820d7abd/individual_traps/bait_questions/number_repeat_bait[3]
107,uuid:e4de3e20-82c1-487e-b74c-83b7820d7abd,uuid:e4de3e20-82c1-487e-b74c-83b7820d7abd/individual_traps/bait_questions/number_repeat_bait[4]
112,uuid:e4de3e20-82c1-487e-b74c-83b7820d7abd,uuid:e4de3e20-82c1-487e-b74c-83b7820d7abd/individual_traps/bait_questions/number_repeat_bait[5]
152,uuid:95766200-e779-4c68-87f5-5471b2af44cd,uuid:95766200-e779-4c68-87f5-5471b2af44cd/individual_traps/bait_questions/number_repeat_bait[1]
153,uuid:95766200-e779-4c68-87f5-5471b2af44cd,uuid:95766200-e779-4c68-87f5-5471b2af44cd/individual_traps/bait_questions/number_repeat_bait[2]
193,uuid:95766200-e779-4c68-87f5-5471b2af44cd,uuid:95766200-e779-4c68-87f5-5471b2af44cd/individual_traps/bait_questions/number_repeat_bait[3]
196,uuid:95766200-e779-4c68-87f5-5471b2af44cd,uuid:95766200-e779-4c68-87f5-5471b2af44cd/individual_traps/bait_questions/number_repeat_bait[4]
74,uuid:671f6839-e839-4dba-a512-6da75fed41d2,uuid:671f6839-e839-4dba-a512-6da75fed41d2/individual_traps/bait_questions/number_repeat_bait[1]
90,uuid:671f6839-e839-4dba-a512-6da75fed41d2,uuid:671f6839-e839-4dba-a512-6da75fed41d2/individual_traps/bait_questions/number_repeat_bait[2]
1,uuid:4e3cdf3f-8f17-4377-bdb4-77344386c1eb,uuid:4e3cdf3f-8f17-4377-bdb4-77344386c1eb/individual_traps/bait_questions/number_repeat_bait[1]
2,uuid:4e3cdf3f-8f17-4377-bdb4-77344386c1eb,uuid:4e3cdf3f-8f17-4377-bdb4-77344386c1eb/individual_traps/bait_questions/number_repeat_bait[2]
8,uuid:4e3cdf3f-8f17-4377-bdb4-77344386c1eb,uuid:4e3cdf3f-8f17-4377-bdb4-77344386c1eb/individual_traps/bait_questions/number_repeat_bait[3]
9,uuid:4e3cdf3f-8f17-4377-bdb4-77344386c1eb,uuid:4e3cdf3f-8f17-4377-bdb4-77344386c1eb/individual_traps/bait_questions/number_repeat_bait[4]
21,uuid:4e3cdf3f-8f17-4377-bdb4-77344386c1eb,uuid:4e3cdf3f-8f17-4377-bdb4-77344386c1eb/individual_traps/bait_questions/number_repeat_bait[5]
23,uuid:4e3cdf3f-8f17-4377-bdb4-77344386c1eb,uuid:4e3cdf3f-8f17-4377-bdb4-77344386c1eb/individual_traps/bait_questions/number_repeat_bait[6]
,uuid:eadc880a-b90f-449a-941b-04345810f092,uuid:eadc880a-b90f-449a-941b-04345810f092/individual_traps/bait_questions/number_repeat_bait[1]
,uuid:0cab60e1-8fb0-4892-8976-25e795f2a476,uuid:0cab60e1-8fb0-4892-8976-25e795f2a476/individual_traps/bait_questions/number_repeat_bait[1]
59,uuid:0b08b0fa-8d9d-418e-a871-630f3ed73013,uuid:0b08b0fa-8d9d-418e-a871-630f3ed73013/individual_traps/bait_questions/number_repeat_bait[1]
80,uuid:0b08b0fa-8d9d-418e-a871-630f3ed73013,uuid:0b08b0fa-8d9d-418e-a871-630f3ed73013/individual_traps/bait_questions/number_repeat_bait[2]
,uuid:cbdab78f-ed5c-462b-bee1-d3beabd35c60,uuid:cbdab78f-ed5c-462b-bee1-d3beabd35c60/individual_traps/bait_questions/number_repeat_bait[1]
155,uuid:d23d750b-6e51-41e5-b64c-707764e26888,uuid:d23d750b-6e51-41e5-b64c-707764e26888/individual_traps/bait_questions/number_repeat_bait[1]
111,uuid:c855c764-ae13-436d-a250-f61b2e46a95f,uuid:c855c764-ae13-436d-a250-f61b2e46a95f/individual_traps/bait_questions/number_repeat_bait[1]
128,uuid:c855c764-ae13-436d-a250-f61b2e46a95f,uuid:c855c764-ae13-436d-a250-f61b2e46a95f/individual_traps/bait_questions/number_repeat_bait[2]
132,uuid:c855c764-ae13-436d-a250-f61b2e46a95f,uuid:c855c764-ae13-436d-a250-f61b2e46a95f/individual_traps/bait_questions/number_repeat_bait[3]
58,uuid:d8e53ae0-3d6a-448c-9aa3-f4afae823468,uuid:d8e53ae0-3d6a-448c-9aa3-f4afae823468/individual_traps/bait_questions/number_repeat_bait[1]
90,uuid:d8e53ae0-3d6a-448c-9aa3-f4afae823468,uuid:d8e53ae0-3d6a-448c-9aa3-f4afae823468/individual_traps/bait_questions/number_repeat_bait[2]
9,uuid:4662c894-6fdc-4eeb-b5f3-0af381c75b25,uuid:4662c894-6fdc-4eeb-b5f3-0af381c75b25/individual_traps/bait_questions/number_repeat_bait[1]
14,uuid:4662c894-6fdc-4eeb-b5f3-0af381c75b25,uuid:4662c894-6fdc-4eeb-b5f3-0af381c75b25/individual_traps/bait_questions/number_repeat_bait[2]
,uuid:939b3efb-f13a-4bd1-bef2-aad3a5c06beb,uuid:939b3efb-f13a-4bd1-bef2-aad3a5c06beb/individual_traps/bait_questions/number_repeat_bait[1]
,uuid:fb294ac9-1afb-4b0e-9878-095aa768541a,uuid:fb294ac9-1afb-4b0e-9878-095aa768541a/individual_traps/bait_questions/number_repeat_bait[1]
69,uuid:9ff1de50-0fd4-44c5-8047-b34bd53f4b72,uuid:9ff1de50-0fd4-44c5-8047-b34bd53f4b72/individual_traps/bait_questions/number_repeat_bait[1]
,uuid:0a5d5402-05d2-43ee-a00c-21bb6df7a7dc,uuid:0a5d5402-05d2-43ee-a00c-21bb6df7a7dc/individual_traps/bait_questions/number_repeat_bait[1]
3,uuid:0a4dced3-af39-4fd4-8d14-57b89bb6803e,uuid:0a4dced3-af39-4fd4-8d14-57b89bb6803e/individual_traps/bait_questions/number_repeat_bait[1]
10,uuid:0a4dced3-af39-4fd4-8d14-57b89bb6803e,uuid:0a4dced3-af39-4fd4-8d14-57b89bb6803e/individual_traps/bait_questions/number_repeat_bait[2]
8,uuid:0a4dced3-af39-4fd4-8d14-57b89bb6803e,uuid:0a4dced3-af39-4fd4-8d14-57b89bb6803e/individual_traps/bait_questions/number_repeat_bait[3]
39,uuid:0a4dced3-af39-4fd4-8d14-57b89bb6803e,uuid:0a4dced3-af39-4fd4-8d14-57b89bb6803e/individual_traps/bait_questions/number_repeat_bait[4]
55,uuid:a05814fb-4141-4da4-9dab-0b43fe1b6363,uuid:a05814fb-4141-4da4-9dab-0b43fe1b6363/individual_traps/bait_questions/number_repeat_bait[1]
62,uuid:a05814fb-4141-4da4-9dab-0b43fe1b6363,uuid:a05814fb-4141-4da4-9dab-0b43fe1b6363/individual_traps/bait_questions/number_repeat_bait[2]
,uuid:82ca0e65-1fc8-4dc7-b041-570c11820a2c,uuid:82ca0e65-1fc8-4dc7-b041-570c11820a2c/individual_traps/bait_questions/number_repeat_bait[1]
200,uuid:4ab2b196-656d-4709-ba62-15c7b91e8d18,uuid:4ab2b196-656d-4709-ba62-15c7b91e8d18/individual_traps/bait_questions/number_repeat_bait[1]
207,uuid:4ab2b196-656d-4709-ba62-15c7b91e8d18,uuid:4ab2b196-656d-4709-ba62-15c7b91e8d18/individual_traps/bait_questions/number_repeat_bait[2]
,uuid:a08251d4-c0c8-43e2-8664-d8646d01556f,uuid:a08251d4-c0c8-43e2-8664-d8646d01556f/individual_traps/bait_questions/number_repeat_bait[1]
,uuid:cadced31-67cf-47bc-80b9-72b07a6eb14f,uuid:cadced31-67cf-47bc-80b9-72b07a6eb14f/individual_traps/bait_questions/number_repeat_bait[1]
,uuid:f1ef7a63-dac1-4185-9f06-2fff52bb0e7d,uuid:f1ef7a63-dac1-4185-9f06-2fff52bb0e7d/individual_traps/bait_questions/number_repeat_bait[1]
200,uuid:b021ba63-4f01-44e7-88aa-1ae9967da4a0,uuid:b021ba63-4f01-44e7-88aa-1ae9967da4a0/individual_traps/bait_questions/number_repeat_bait[1]
202,uuid:b021ba63-4f01-44e7-88aa-1ae9967da4a0,uuid:b021ba63-4f01-44e7-88aa-1ae9967da4a0/individual_traps/bait_questions/number_repeat_bait[2]
207,uuid:b021ba63-4f01-44e7-88aa-1ae9967da4a0,uuid:b021ba63-4f01-44e7-88aa-1ae9967da4a0/individual_traps/bait_questions/number_repeat_bait[3]
220,uuid:b021ba63-4f01-44e7-88aa-1ae9967da4a0,uuid:b021ba63-4f01-44e7-88aa-1ae9967da4a0/individual_traps/bait_questions/number_repeat_bait[4]
111,uuid:b021ba63-4f01-44e7-88aa-1ae9967da4a0,uuid:b021ba63-4f01-44e7-88aa-1ae9967da4a0/individual_traps/bait_questions/number_repeat_bait[5]
10,uuid:35258b6b-df77-4032-9737-ef8f6cdb1f7a,uuid:35258b6b-df77-4032-9737-ef8f6cdb1f7a/individual_traps/bait_questions/number_repeat_bait[1]
23,uuid:35258b6b-df77-4032-9737-ef8f6cdb1f7a,uuid:35258b6b-df77-4032-9737-ef8f6cdb1f7a/individual_traps/bait_questions/number_repeat_bait[2]
30,uuid:35258b6b-df77-4032-9737-ef8f6cdb1f7a,uuid:35258b6b-df77-4032-9737-ef8f6cdb1f7a/individual_traps/bait_questions/number_repeat_bait[3]
,uuid:a5b5f8bd-daeb-4f99-a9da-df1d903ee3a6,uuid:a5b5f8bd-daeb-4f99-a9da-df1d903ee3a6/individual_traps/bait_questions/number_repeat_bait[1]
10,uuid:2423f73d-05be-408f-a745-aa9070dbde68,uuid:2423f73d-05be-408f-a745-aa9070dbde68/individual_traps/bait_questions/number_repeat_bait[1]
23,uuid:2423f73d-05be-408f-a745-aa9070dbde68,uuid:2423f73d-05be-408f-a745-aa9070dbde68/individual_traps/bait_questions/number_repeat_bait[2]
30,uuid:2423f73d-05be-408f-a745-aa9070dbde68,uuid:2423f73d-05be-408f-a745-aa9070dbde68/individual_traps/bait_questions/number_repeat_bait[3]
,uuid:0b13cc4c-9ffa-4c5a-972f-0e1b2b7fd0f8,uuid:0b13cc4c-9ffa-4c5a-972f-0e1b2b7fd0f8/individual_traps/bait_questions/number_repeat_bait[1]
202,uuid:21ee0284-36e4-463e-b7d4-c0279936ff8a,uuid:21ee0284-36e4-463e-b7d4-c0279936ff8a/individual_traps/bait_questions/number_repeat_bait[1]
204,uuid:21ee0284-36e4-463e-b7d4-c0279936ff8a,uuid:21ee0284-36e4-463e-b7d4-c0279936ff8a/individual_traps/bait_questions/number_repeat_bait[2]
206,uuid:21ee0284-36e4-463e-b7d4-c0279936ff8a,uuid:21ee0284-36e4-463e-b7d4-c0279936ff8a/individual_traps/bait_questions/number_repeat_bait[3]
216,uuid:21ee0284-36e4-463e-b7d4-c0279936ff8a,uuid:21ee0284-36e4-463e-b7d4-c0279936ff8a/individual_traps/bait_questions/number_repeat_bait[4]
123,uuid:21ee0284-36e4-463e-b7d4-c0279936ff8a,uuid:21ee0284-36e4-463e-b7d4-c0279936ff8a/individual_traps/bait_questions/number_repeat_bait[5]
127,uuid:21ee0284-36e4-463e-b7d4-c0279936ff8a,uuid:21ee0284-36e4-463e-b7d4-c0279936ff8a/individual_traps/bait_questions/number_repeat_bait[6]
,uuid:af8b82bf-bfb5-4583-8114-74c1b536490d,uuid:af8b82bf-bfb5-4583-8114-74c1b536490d/individual_traps/bait_questions/number_repeat_bait[1]
,uuid:a18e0c97-69e5-4c6f-ac46-ce489f38300f,uuid:a18e0c97-69e5-4c6f-ac46-ce489f38300f/individual_traps/bait_questions/number_repeat_bait[1]
23,uuid:ce282119-33ab-4365-9f73-b995172a478d,uuid:ce282119-33ab-4365-9f73-b995172a478d/individual_traps/bait_questions/number_repeat_bait[1]
